<?xml version="1.0" encoding="iso-8859-1"?>
<mosinstall type="template" version="1.0.0">
	<name>Species 2000 Template</name>
	<creationDate>07/09/2006</creationDate>
	<author>rhuk</author>
	<copyright>GNU/GPL</copyright>
    <authorEmail>sp2000@sp2000.org</authorEmail>
    <authorUrl>http://www.sp2000.org</authorUrl>
	<version>2.2</version>
	<description>Modification of SolarFlare II </description>
	<files>
		<filename>index.php</filename>
		<filename>template_thumbnail.png</filename>
	</files>
	<images>
		<filename>images/advertisement.png</filename>
		<filename>images/arrow.png</filename>
		<filename>images/button_bg.png</filename>
		<filename>images/contenthead.png</filename>
		<filename>images/indent1.png</filename>
		<filename>images/indent2.png</filename>
		<filename>images/indent3.png</filename>
		<filename>images/indent4.png</filename>
		<filename>images/header_short.jpg</filename>
		<filename>images/menu_bg.png</filename>
		<filename>images/powered_by.png</filename>
		<filename>images/spacer.png</filename>
		<filename>images/subhead_bg.png</filename>
		<filename>images/title_back.png</filename>
		</images>
	<css>
		<filename>css/template_css.css</filename>
	</css>
</mosinstall>
